{
    "mountify_mounts": {
        "type": "general",
        "option": [0, 1, 2]
    },
    "FAKE_MOUNT_NAME": {
        "type": "general"
    },
    "test_decoy_mount": {
        "type": "general",
        "option": [0, 1]
    },
    "mountify_stop_start": {
        "type": "general",
        "option": [0, 1]
    },
    "FS_TYPE_ALIAS": {
        "type": "general",
        "advanced": true,
        "option": ["allow-other", "overlay"]
    },
    "MOUNT_DEVICE_NAME": {
        "type": "general",
        "option": ["allow-other", "overlay", "KSU", "APatch", "magisk"]
    },
    "mountify_custom_umount": {
        "type": "general",
        "option": [0, 1, 2]
    },
    "mountify_expert_mode": {
        "type": "general",
        "advanced": true,
        "option": [0, 1]
    },
    "use_ext4_sparse": {
        "type": "ext4",
        "option": [0, 1]
    },
    "spoof_sparse": {
        "type": "ext4",
        "require": [{"enable_lkm_nuke": 0}],
        "option": [0, 1]
    },
    "FAKE_APEX_NAME": {
        "type": "ext4",
        "require": [{"spoof_sparse": 1}],
        "option": ["allow-other", "com.android.mntservice"]
    },
    "sparse_size": {
        "type": "ext4",
        "option": ["allow-other", "512", "1024", "2048", "4096"]
    },
    "enable_lkm_nuke": {
        "type": "ext4",
        "require": [{"spoof_sparse": 0}],
        "option": [0, 1]
    },
    "lkm_filename": {
        "type": "ext4",
        "require": [{"enable_lkm_nuke": 1}],
        "option": [
            "nuke-android12-5.10.ko",
            "nuke-android13-5.10.ko",
            "nuke-android13-5.15.ko",
            "nuke-android14-5.15.ko",
            "nuke-android14-6.1.ko",
            "nuke-android15-6.6.ko",
            "nuke-android-4.14.ko"
        ]
    }
}
